{
    "loss": 1.326237678527832,
    "accuracy": 0.8362069129943848
}